variant,n,flow_residual,flow_global,dynamic_degree,vqa_yes,clip_t,warp_error,subject_consistency,sharpness,colorfulness,div_videomae,div_videomae_sem,div_dinov2,recall,recall_lo,recall_hi,precision,precision_lo,precision_hi,recall_dinov2,precision_dinov2,iqa_musiq,iqa_clipiqa,iqa_maniqa,iqa_topiq_nr
AR-diff,240,3.4435,4.825,0.5708,0.6717,0.2543,0.0233,0.9225,633.8792,76.6684,0.1552,0.0112,0.3027,0.6083,0.4896,0.727,0.6208,0.5031,0.7386,0.6458,0.7667,65.8194,0.5124,0.3882,0.5475
AR-diff-cfg3,120,2.667,3.6957,0.4917,0.6751,0.2508,0.0188,0.9307,503.7517,62.6216,0.1798,0.0142,0.3495,0.875,0.7735,0.9765,0.7833,0.6758,0.8908,0.8583,0.925,67.5699,0.5146,0.405,0.571
AR-diff-cfg7.5,120,3.8233,4.6899,0.6167,0.6689,0.2527,0.0294,0.8999,615.4059,89.1901,0.1499,0.0119,0.275,0.675,0.5288,0.8212,0.7,0.5538,0.8462,0.6833,0.9333,62.1777,0.4713,0.3501,0.5073
AR-diff-rcm,240,3.0162,4.0994,0.425,0.6659,0.2599,0.018,0.9552,916.7576,86.7422,0.1185,0.0095,0.268,0.3917,0.2873,0.496,0.75,0.6149,0.8851,0.5083,0.7917,67.5193,0.5534,0.4302,0.5895
S-bi-causvid,240,3.151,3.3591,0.4667,0.6728,0.2437,0.0157,0.9664,497.858,76.9151,0.1437,0.0121,0.2321,0.3292,0.147,0.5113,0.4042,0.2614,0.5469,0.2458,0.6792,73.0483,0.5558,0.477,0.6486
S-bi-fastwan,122,2.9474,2.6993,0.582,0.6725,0.2471,0.0173,0.9638,516.3358,65.5619,0.1538,0.0149,0.285,0.5167,0.3607,0.6726,0.4836,0.3358,0.6315,0.6167,0.6721,73.9466,0.541,0.4821,0.657
S-bi-rcm,240,3.0737,3.5325,0.55,0.6815,0.2494,0.0207,0.9338,547.5951,60.3246,0.1986,0.0129,0.3106,0.6875,0.5698,0.8052,0.4125,0.3057,0.5193,0.5583,0.6958,69.0958,0.5171,0.4336,0.6122
S-causvid,240,2.5631,2.5462,0.3458,0.6776,0.252,0.0177,0.9636,967.258,79.8206,0.0749,0.0057,0.12,0.0333,-0.0089,0.0756,0.5583,0.4137,0.703,0.0292,0.7667,73.7681,0.6344,0.5293,0.6846
S-causvid-ode,240,1.964,3.2022,0.2542,0.6609,0.2149,0.0184,0.7752,495.0807,37.8261,0.0938,0.0045,0.2693,0.0125,-0.012,0.037,0.2625,0.0865,0.4385,0.0,0.4708,41.7494,0.3967,0.4034,0.4784
S-cf,240,2.5014,3.0873,0.5208,0.6791,0.2548,0.0188,0.9518,628.5919,70.2477,0.1335,0.0107,0.257,0.3375,0.2202,0.4548,0.6042,0.4858,0.7225,0.3292,0.7625,71.556,0.6068,0.4601,0.627
S-cf-cd,240,1.3491,1.813,0.2667,0.6793,0.2458,0.0107,0.9339,342.3521,53.796,0.1924,0.0124,0.4643,0.7542,0.6425,0.8658,0.5292,0.3768,0.6816,0.8958,0.4875,63.7731,0.4229,0.3525,0.5176
S-cf-fw,240,3.7408,4.7363,0.6583,0.6788,0.2533,0.0232,0.9252,668.8985,80.945,0.1137,0.0073,0.2518,0.2375,0.1305,0.3445,0.575,0.4542,0.6958,0.3458,0.7083,70.2825,0.5727,0.4314,0.5939
S-cf-ode,240,1.8769,2.546,0.4292,0.6849,0.2537,0.0153,0.9225,455.4422,64.9969,0.1636,0.0114,0.3414,0.5875,0.4581,0.7169,0.4958,0.3487,0.643,0.5958,0.625,64.6189,0.4794,0.3954,0.5483
S-rcm-sfdmd,240,2.0707,1.9221,0.375,0.6818,0.2538,0.0161,0.9636,585.0794,71.7224,0.1211,0.0103,0.2463,0.2083,0.1348,0.2818,0.5708,0.4287,0.713,0.3375,0.7542,71.8902,0.5538,0.4464,0.6181
S-rcm-sfdmd-fw,240,2.0164,2.3913,0.3,0.6746,0.2538,0.0153,0.9628,648.3986,67.0908,0.1315,0.0107,0.2891,0.4375,0.3244,0.5506,0.6583,0.5336,0.7831,0.525,0.7667,70.426,0.5277,0.4281,0.6035
S-rcm-tfdcm,240,2.3427,3.1017,0.3667,0.6764,0.2568,0.0172,0.9401,850.3612,70.3504,0.1676,0.01,0.3944,0.5958,0.4923,0.6994,0.5625,0.4408,0.6842,0.7375,0.4708,65.112,0.4996,0.3955,0.563
S-rcm-tfdcm-fw,240,3.0473,4.139,0.3208,0.6646,0.2523,0.0154,0.932,834.8273,79.0933,0.1645,0.0091,0.3854,0.5125,0.3937,0.6313,0.5083,0.3642,0.6525,0.6875,0.45,67.0956,0.5321,0.4145,0.5876
S-sf,240,3.2392,3.4679,0.5042,0.6818,0.2536,0.0186,0.9528,603.4007,62.0124,0.1178,0.0105,0.2705,0.3167,0.2186,0.4148,0.7375,0.6203,0.8547,0.4917,0.7875,71.6462,0.5491,0.443,0.613
S-sf-gan,240,2.3924,2.7363,0.4417,0.6844,0.2514,0.0168,0.9501,924.1205,65.1122,0.1515,0.0109,0.3167,0.4708,0.3631,0.5786,0.5375,0.3967,0.6783,0.575,0.725,71.1327,0.5423,0.4437,0.6184
S-sf-sid,240,5.2688,5.7477,0.8458,0.6841,0.2534,0.0243,0.9228,397.0251,65.6991,0.1255,0.009,0.272,0.2667,0.1658,0.3675,0.575,0.4682,0.6818,0.4625,0.7417,68.1177,0.5201,0.423,0.5818
S-sf-sid2,240,1.0081,1.0984,0.1083,0.6755,0.251,0.0122,0.9645,526.6868,54.0652,0.1276,0.0091,0.2863,0.225,0.1302,0.3198,0.5833,0.4595,0.7072,0.4625,0.7833,73.5829,0.5828,0.4837,0.6624
T-cfg3,120,2.8039,4.1844,0.4,0.6789,0.2504,0.0134,0.9479,415.4204,36.5041,0.1978,0.0127,0.4249,0.9833,0.9606,1.006,0.9583,0.9195,0.9972,1.0,0.9417,67.0451,0.4445,0.3888,0.5589
T-cfg7.5,120,3.7879,5.1075,0.45,0.6801,0.2532,0.0174,0.9537,666.9209,57.7927,0.1568,0.0124,0.3355,0.9917,0.9753,1.008,1.0,0.9837,1.0163,0.9667,0.9583,68.2184,0.5029,0.4193,0.5937
T-few,120,4.0031,8.045,0.1917,0.6496,0.2253,0.0181,0.9082,964.5347,49.3506,0.1686,0.0085,0.505,0.35,0.1787,0.5213,0.5,0.2566,0.7434,0.525,0.6917,42.5366,0.402,0.3951,0.4584
T-full,240,3.6897,5.706,0.4542,0.6784,0.2537,0.0161,0.9505,500.9541,50.6774,0.1608,0.0123,0.3501,0.9667,0.9158,1.0175,0.8833,0.8064,0.9603,0.925,0.9583,68.1641,0.4791,0.4153,0.5814
T-nocfg,120,1.2464,1.4563,0.1833,0.6599,0.1974,0.0096,0.902,245.9598,14.6766,0.2691,0.0115,0.7425,0.2667,0.0663,0.467,0.3417,0.1579,0.5254,0.625,0.6917,43.2055,0.407,0.3561,0.4109
